Exercise Name	Exercise Number	Category Name	Category Number
alternatingDumbbellChestPressOnSwissBall	0	benchPress	0
barbellBenchPress	1	benchPress	0
barbellBoardBenchPress	2	benchPress	0
barbellFloorPress	3	benchPress	0
closeGripBarbellBenchPress	4	benchPress	0
declineDumbbellBenchPress	5	benchPress	0
dumbbellBenchPress	6	benchPress	0
dumbbellFloorPress	7	benchPress	0
inclineBarbellBenchPress	8	benchPress	0
inclineDumbbellBenchPress	9	benchPress	0
inclineSmithMachineBenchPress	10	benchPress	0
isometricBarbellBenchPress	11	benchPress	0
kettlebellChestPress	12	benchPress	0
neutralGripDumbbellBenchPress	13	benchPress	0
neutralGripDumbbellInclineBenchPress	14	benchPress	0
oneArmFloorPress	15	benchPress	0
weightedOneArmFloorPress	16	benchPress	0
partialLockout	17	benchPress	0
reverseGripBarbellBenchPress	18	benchPress	0
reverseGripInclineBenchPress	19	benchPress	0
singleArmCableChestPress	20	benchPress	0
singleArmDumbbellBenchPress	21	benchPress	0
smithMachineBenchPress	22	benchPress	0
swissBallDumbbellChestPress	23	benchPress	0
tripleStopBarbellBenchPress	24	benchPress	0
wideGripBarbellBenchPress	25	benchPress	0
alternatingDumbbellChestPress	26	benchPress	0
3WayCalfRaise	0	calfRaise	1
3WayWeightedCalfRaise	1	calfRaise	1
3WaySingleLegCalfRaise	2	calfRaise	1
3WayWeightedSingleLegCalfRaise	3	calfRaise	1
donkeyCalfRaise	4	calfRaise	1
weightedDonkeyCalfRaise	5	calfRaise	1
seatedCalfRaise	6	calfRaise	1
weightedSeatedCalfRaise	7	calfRaise	1
seatedDumbbellToeRaise	8	calfRaise	1
singleLegBentKneeCalfRaise	9	calfRaise	1
weightedSingleLegBentKneeCalfRaise	10	calfRaise	1
singleLegDeclinePushUp	11	calfRaise	1
singleLegDonkeyCalfRaise	12	calfRaise	1
weightedSingleLegDonkeyCalfRaise	13	calfRaise	1
singleLegHipRaiseWithKneeHold	14	calfRaise	1
singleLegStandingCalfRaise	15	calfRaise	1
singleLegStandingDumbbellCalfRaise	16	calfRaise	1
standingBarbellCalfRaise	17	calfRaise	1
standingCalfRaise	18	calfRaise	1
weightedStandingCalfRaise	19	calfRaise	1
standingDumbbellCalfRaise	20	calfRaise	1
bobAndWeaveCircle	0	cardio	2
weightedBobAndWeaveCircle	1	cardio	2
cardioCoreCrawl	2	cardio	2
weightedCardioCoreCrawl	3	cardio	2
doubleUnder	4	cardio	2
weightedDoubleUnder	5	cardio	2
jumpRope	6	cardio	2
weightedJumpRope	7	cardio	2
jumpRopeCrossover	8	cardio	2
weightedJumpRopeCrossover	9	cardio	2
jumpRopeJog	10	cardio	2
weightedJumpRopeJog	11	cardio	2
jumpingJacks	12	cardio	2
weightedJumpingJacks	13	cardio	2
skiMoguls	14	cardio	2
weightedSkiMoguls	15	cardio	2
splitJacks	16	cardio	2
weightedSplitJacks	17	cardio	2
squatJacks	18	cardio	2
weightedSquatJacks	19	cardio	2
tripleUnder	20	cardio	2
weightedTripleUnder	21	cardio	2
elliptical	22	cardio	2
spinning	23	cardio	2
polePaddleForwardWheelchair	24	cardio	2
polePaddleBackwardWheelchair	25	cardio	2
poleHandcycleForwardWheelchair	26	cardio	2
poleHandcycleBackwardWheelchair	27	cardio	2
poleRainbowWheelchair	28	cardio	2
doublePunchForwardWheelchair	29	cardio	2
doublePunchDownWheelchair	30	cardio	2
doublePunchSidewaysWheelchair	31	cardio	2
doublePunchUpWheelchair	32	cardio	2
sitSkiWheelchair	33	cardio	2
sittingJacksWheelchair	34	cardio	2
punchForwardWheelchair	35	cardio	2
punchDownWheelchair	36	cardio	2
punchSidewaysWheelchair	37	cardio	2
punchUpWheelchair	38	cardio	2
punchBagWheelchair	39	cardio	2
poleDdFfUuWheelchair	40	cardio	2
butterflyArmsWheelchair	41	cardio	2
punch	42	cardio	2
barHolds	0	carry	3
farmersWalk	1	carry	3
farmersWalkOnToes	2	carry	3
hexDumbbellHold	3	carry	3
overheadCarry	4	carry	3
dumbbellWaiterCarry	5	carry	3
farmersCarryWalkLunge	6	carry	3
farmersCarry	7	carry	3
farmersCarryOnToes	8	carry	3
cablePullThrough	0	chop	4
cableRotationalLift	1	chop	4
cableWoodchop	2	chop	4
crossChopToKnee	3	chop	4
weightedCrossChopToKnee	4	chop	4
dumbbellChop	5	chop	4
halfKneelingRotation	6	chop	4
weightedHalfKneelingRotation	7	chop	4
halfKneelingRotationalChop	8	chop	4
halfKneelingRotationalReverseChop	9	chop	4
halfKneelingStabilityChop	10	chop	4
halfKneelingStabilityReverseChop	11	chop	4
kneelingRotationalChop	12	chop	4
kneelingRotationalReverseChop	13	chop	4
kneelingStabilityChop	14	chop	4
kneelingWoodchopper	15	chop	4
medicineBallWoodChops	16	chop	4
powerSquatChops	17	chop	4
weightedPowerSquatChops	18	chop	4
standingRotationalChop	19	chop	4
standingSplitRotationalChop	20	chop	4
standingSplitRotationalReverseChop	21	chop	4
standingStabilityReverseChop	22	chop	4
absJabs	0	core	5
weightedAbsJabs	1	core	5
alternatingPlateReach	2	core	5
barbellRollout	3	core	5
weightedBarbellRollout	4	core	5
bodyBarObliqueTwist	5	core	5
cableCorePress	6	core	5
cableSideBend	7	core	5
sideBend	8	core	5
weightedSideBend	9	core	5
crescentCircle	10	core	5
weightedCrescentCircle	11	core	5
cyclingRussianTwist	12	core	5
weightedCyclingRussianTwist	13	core	5
elevatedFeetRussianTwist	14	core	5
weightedElevatedFeetRussianTwist	15	core	5
halfTurkishGetUp	16	core	5
kettlebellWindmill	17	core	5
kneelingAbWheel	18	core	5
weightedKneelingAbWheel	19	core	5
modifiedFrontLever	20	core	5
openKneeTucks	21	core	5
weightedOpenKneeTucks	22	core	5
sideAbsLegLift	23	core	5
weightedSideAbsLegLift	24	core	5
swissBallJackknife	25	core	5
weightedSwissBallJackknife	26	core	5
swissBallPike	27	core	5
weightedSwissBallPike	28	core	5
swissBallRollout	29	core	5
weightedSwissBallRollout	30	core	5
triangleHipPress	31	core	5
weightedTriangleHipPress	32	core	5
trxSuspendedJackknife	33	core	5
weightedTrxSuspendedJackknife	34	core	5
uBoat	35	core	5
weightedUBoat	36	core	5
windmillSwitches	37	core	5
weightedWindmillSwitches	38	core	5
alternatingSlideOut	39	core	5
weightedAlternatingSlideOut	40	core	5
ghdBackExtensions	41	core	5
weightedGhdBackExtensions	42	core	5
overheadWalk	43	core	5
inchworm	44	core	5
weightedModifiedFrontLever	45	core	5
russianTwist	46	core	5
abdominalLegRotations	47	core	5
armAndLegExtensionOnKnees	48	core	5
bicycle	49	core	5
bicepCurlWithLegExtension	50	core	5
catCow	51	core	5
corkscrew	52	core	5
crissCross	53	core	5
crissCrossWithBall	54	core	5
doubleLegStretch	55	core	5
kneeFolds	56	core	5
lowerLift	57	core	5
neckPull	58	core	5
pelvicClocks	59	core	5
rollOver	60	core	5
rollUp	61	core	5
rolling	62	core	5
rowing1	63	core	5
rowing2	64	core	5
scissors	65	core	5
singleLegCircles	66	core	5
singleLegStretch	67	core	5
snakeTwist1And2	68	core	5
swan	69	core	5
swimming	70	core	5
teaser	71	core	5
theHundred	72	core	5
bicepCurlWithLegExtensionWithWeights	73	core	5
hangingLSit	75	core	5
lowerLiftWithWeights	77	core	5
ringLSit	79	core	5
rowing1WithWeights	80	core	5
rowing2WithWeights	81	core	5
scissorsWithWeights	82	core	5
singleLegStretchWithWeights	83	core	5
toesToElbows	84	core	5
weightedCrissCross	85	core	5
weightedDoubleLegStretch	86	core	5
weightedTheHundred	87	core	5
lSit	88	core	5
turkishGetUp	89	core	5
weightedRingLSit	90	core	5
weightedHangingLSit	91	core	5
weightedLSit	92	core	5
sideBendLowWheelchair	93	core	5
sideBendMidWheelchair	94	core	5
sideBendHighWheelchair	95	core	5
seatedSideBend	96	core	5
bicycleCrunch	0	crunch	6
cableCrunch	1	crunch	6
circularArmCrunch	2	crunch	6
crossedArmsCrunch	3	crunch	6
weightedCrossedArmsCrunch	4	crunch	6
crossLegReverseCrunch	5	crunch	6
weightedCrossLegReverseCrunch	6	crunch	6
crunchChop	7	crunch	6
weightedCrunchChop	8	crunch	6
doubleCrunch	9	crunch	6
weightedDoubleCrunch	10	crunch	6
elbowToKneeCrunch	11	crunch	6
weightedElbowToKneeCrunch	12	crunch	6
flutterKicks	13	crunch	6
weightedFlutterKicks	14	crunch	6
foamRollerReverseCrunchOnBench	15	crunch	6
weightedFoamRollerReverseCrunchOnBench	16	crunch	6
foamRollerReverseCrunchWithDumbbell	17	crunch	6
foamRollerReverseCrunchWithMedicineBall	18	crunch	6
frogPress	19	crunch	6
hangingKneeRaiseObliqueCrunch	20	crunch	6
weightedHangingKneeRaiseObliqueCrunch	21	crunch	6
hipCrossover	22	crunch	6
weightedHipCrossover	23	crunch	6
hollowRock	24	crunch	6
weightedHollowRock	25	crunch	6
inclineReverseCrunch	26	crunch	6
weightedInclineReverseCrunch	27	crunch	6
kneelingCableCrunch	28	crunch	6
kneelingCrossCrunch	29	crunch	6
weightedKneelingCrossCrunch	30	crunch	6
kneelingObliqueCableCrunch	31	crunch	6
kneesToElbow	32	crunch	6
legExtensions	33	crunch	6
weightedLegExtensions	34	crunch	6
legLevers	35	crunch	6
mcgillCurlUp	36	crunch	6
weightedMcgillCurlUp	37	crunch	6
modifiedPilatesRollUpWithBall	38	crunch	6
weightedModifiedPilatesRollUpWithBall	39	crunch	6
pilatesCrunch	40	crunch	6
weightedPilatesCrunch	41	crunch	6
pilatesRollUpWithBall	42	crunch	6
weightedPilatesRollUpWithBall	43	crunch	6
raisedLegsCrunch	44	crunch	6
weightedRaisedLegsCrunch	45	crunch	6
reverseCrunch	46	crunch	6
weightedReverseCrunch	47	crunch	6
reverseCrunchOnABench	48	crunch	6
weightedReverseCrunchOnABench	49	crunch	6
reverseCurlAndLift	50	crunch	6
weightedReverseCurlAndLift	51	crunch	6
rotationalLift	52	crunch	6
weightedRotationalLift	53	crunch	6
seatedAlternatingReverseCrunch	54	crunch	6
weightedSeatedAlternatingReverseCrunch	55	crunch	6
seatedLegU	56	crunch	6
weightedSeatedLegU	57	crunch	6
sideToSideCrunchAndWeave	58	crunch	6
weightedSideToSideCrunchAndWeave	59	crunch	6
singleLegReverseCrunch	60	crunch	6
weightedSingleLegReverseCrunch	61	crunch	6
skaterCrunchCross	62	crunch	6
weightedSkaterCrunchCross	63	crunch	6
standingCableCrunch	64	crunch	6
standingSideCrunch	65	crunch	6
stepClimb	66	crunch	6
weightedStepClimb	67	crunch	6
swissBallCrunch	68	crunch	6
swissBallReverseCrunch	69	crunch	6
weightedSwissBallReverseCrunch	70	crunch	6
swissBallRussianTwist	71	crunch	6
weightedSwissBallRussianTwist	72	crunch	6
swissBallSideCrunch	73	crunch	6
weightedSwissBallSideCrunch	74	crunch	6
thoracicCrunchesOnFoamRoller	75	crunch	6
weightedThoracicCrunchesOnFoamRoller	76	crunch	6
tricepsCrunch	77	crunch	6
weightedBicycleCrunch	78	crunch	6
weightedCrunch	79	crunch	6
weightedSwissBallCrunch	80	crunch	6
toesToBar	81	crunch	6
weightedToesToBar	82	crunch	6
crunch	83	crunch	6
straightLegCrunchWithBall	84	crunch	6
legClimbCrunch	86	crunch	6
alternatingDumbbellBicepsCurl	0	curl	7
alternatingDumbbellBicepsCurlOnSwissBall	1	curl	7
alternatingInclineDumbbellBicepsCurl	2	curl	7
barbellBicepsCurl	3	curl	7
barbellReverseWristCurl	4	curl	7
barbellWristCurl	5	curl	7
behindTheBackBarbellReverseWristCurl	6	curl	7
behindTheBackOneArmCableCurl	7	curl	7
cableBicepsCurl	8	curl	7
cableHammerCurl	9	curl	7
cheatingBarbellBicepsCurl	10	curl	7
closeGripEzBarBicepsCurl	11	curl	7
crossBodyDumbbellHammerCurl	12	curl	7
deadHangBicepsCurl	13	curl	7
declineHammerCurl	14	curl	7
dumbbellBicepsCurlWithStaticHold	15	curl	7
dumbbellHammerCurl	16	curl	7
dumbbellReverseWristCurl	17	curl	7
dumbbellWristCurl	18	curl	7
ezBarPreacherCurl	19	curl	7
forwardBendBicepsCurl	20	curl	7
hammerCurlToPress	21	curl	7
inclineDumbbellBicepsCurl	22	curl	7
inclineOffsetThumbDumbbellCurl	23	curl	7
kettlebellBicepsCurl	24	curl	7
lyingConcentrationCableCurl	25	curl	7
oneArmPreacherCurl	26	curl	7
platePinchCurl	27	curl	7
preacherCurlWithCable	28	curl	7
reverseEzBarCurl	29	curl	7
reverseGripWristCurl	30	curl	7
reverseGripBarbellBicepsCurl	31	curl	7
seatedAlternatingDumbbellBicepsCurl	32	curl	7
seatedDumbbellBicepsCurl	33	curl	7
seatedReverseDumbbellCurl	34	curl	7
splitStanceOffsetPinkyDumbbellCurl	35	curl	7
standingAlternatingDumbbellCurls	36	curl	7
standingDumbbellBicepsCurl	37	curl	7
standingEzBarBicepsCurl	38	curl	7
staticCurl	39	curl	7
swissBallDumbbellOverheadTricepsExtension	40	curl	7
swissBallEzBarPreacherCurl	41	curl	7
twistingStandingDumbbellBicepsCurl	42	curl	7
wideGripEzBarBicepsCurl	43	curl	7
oneArmConcentrationCurl	44	curl	7
standingZottmanBicepsCurl	45	curl	7
dumbbellBicepsCurl	46	curl	7
dragCurlWheelchair	47	curl	7
dumbbellBicepsCurlWheelchair	48	curl	7
bottleCurl	49	curl	7
seatedBottleCurl	50	curl	7
barbellDeadlift	0	deadlift	8
barbellStraightLegDeadlift	1	deadlift	8
dumbbellDeadlift	2	deadlift	8
dumbbellSingleLegDeadliftToRow	3	deadlift	8
dumbbellStraightLegDeadlift	4	deadlift	8
kettlebellFloorToShelf	5	deadlift	8
oneArmOneLegDeadlift	6	deadlift	8
rackPull	7	deadlift	8
rotationalDumbbellStraightLegDeadlift	8	deadlift	8
singleArmDeadlift	9	deadlift	8
singleLegBarbellDeadlift	10	deadlift	8
singleLegBarbellStraightLegDeadlift	11	deadlift	8
singleLegDeadliftWithBarbell	12	deadlift	8
singleLegRdlCircuit	13	deadlift	8
singleLegRomanianDeadliftWithDumbbell	14	deadlift	8
sumoDeadlift	15	deadlift	8
sumoDeadliftHighPull	16	deadlift	8
trapBarDeadlift	17	deadlift	8
wideGripBarbellDeadlift	18	deadlift	8
kettlebellDeadlift	20	deadlift	8
kettlebellSumoDeadlift	21	deadlift	8
romanianDeadlift	23	deadlift	8
singleLegRomanianDeadliftCircuit	24	deadlift	8
straightLegDeadlift	25	deadlift	8
cableCrossover	0	flye	9
declineDumbbellFlye	1	flye	9
dumbbellFlye	2	flye	9
inclineDumbbellFlye	3	flye	9
kettlebellFlye	4	flye	9
kneelingRearFlye	5	flye	9
singleArmStandingCableReverseFlye	6	flye	9
swissBallDumbbellFlye	7	flye	9
armRotations	8	flye	9
hugATree	9	flye	9
faceDownInclineReverseFlye	10	flye	9
inclineReverseFlye	11	flye	9
rearDeltFlyWheelchair	12	flye	9
barbellHipThrustOnFloor	0	hipRaise	10
barbellHipThrustWithBench	1	hipRaise	10
bentKneeSwissBallReverseHipRaise	2	hipRaise	10
weightedBentKneeSwissBallReverseHipRaise	3	hipRaise	10
bridgeWithLegExtension	4	hipRaise	10
weightedBridgeWithLegExtension	5	hipRaise	10
clamBridge	6	hipRaise	10
frontKickTabletop	7	hipRaise	10
weightedFrontKickTabletop	8	hipRaise	10
hipExtensionAndCross	9	hipRaise	10
weightedHipExtensionAndCross	10	hipRaise	10
hipRaise	11	hipRaise	10
weightedHipRaise	12	hipRaise	10
hipRaiseWithFeetOnSwissBall	13	hipRaise	10
weightedHipRaiseWithFeetOnSwissBall	14	hipRaise	10
hipRaiseWithHeadOnBosuBall	15	hipRaise	10
weightedHipRaiseWithHeadOnBosuBall	16	hipRaise	10
hipRaiseWithHeadOnSwissBall	17	hipRaise	10
weightedHipRaiseWithHeadOnSwissBall	18	hipRaise	10
hipRaiseWithKneeSqueeze	19	hipRaise	10
weightedHipRaiseWithKneeSqueeze	20	hipRaise	10
inclineRearLegExtension	21	hipRaise	10
weightedInclineRearLegExtension	22	hipRaise	10
kettlebellSwing	23	hipRaise	10
marchingHipRaise	24	hipRaise	10
weightedMarchingHipRaise	25	hipRaise	10
marchingHipRaiseWithFeetOnASwissBall	26	hipRaise	10
weightedMarchingHipRaiseWithFeetOnASwissBall	27	hipRaise	10
reverseHipRaise	28	hipRaise	10
weightedReverseHipRaise	29	hipRaise	10
singleLegHipRaise	30	hipRaise	10
weightedSingleLegHipRaise	31	hipRaise	10
singleLegHipRaiseWithFootOnBench	32	hipRaise	10
weightedSingleLegHipRaiseWithFootOnBench	33	hipRaise	10
singleLegHipRaiseWithFootOnBosuBall	34	hipRaise	10
weightedSingleLegHipRaiseWithFootOnBosuBall	35	hipRaise	10
singleLegHipRaiseWithFootOnFoamRoller	36	hipRaise	10
weightedSingleLegHipRaiseWithFootOnFoamRoller	37	hipRaise	10
singleLegHipRaiseWithFootOnMedicineBall	38	hipRaise	10
weightedSingleLegHipRaiseWithFootOnMedicineBall	39	hipRaise	10
singleLegHipRaiseWithHeadOnBosuBall	40	hipRaise	10
weightedSingleLegHipRaiseWithHeadOnBosuBall	41	hipRaise	10
weightedClamBridge	42	hipRaise	10
singleLegSwissBallHipRaiseAndLegCurl	43	hipRaise	10
clams	44	hipRaise	10
innerThighCircles	45	hipRaise	10
innerThighSideLift	46	hipRaise	10
legCircles	47	hipRaise	10
legLift	48	hipRaise	10
legLiftInExternalRotation	49	hipRaise	10
bandSideLyingLegRaise	0	hipStability	11
deadBug	1	hipStability	11
weightedDeadBug	2	hipStability	11
externalHipRaise	3	hipStability	11
weightedExternalHipRaise	4	hipStability	11
fireHydrantKicks	5	hipStability	11
weightedFireHydrantKicks	6	hipStability	11
hipCircles	7	hipStability	11
weightedHipCircles	8	hipStability	11
innerThighLift	9	hipStability	11
weightedInnerThighLift	10	hipStability	11
lateralWalksWithBandAtAnkles	11	hipStability	11
pretzelSideKick	12	hipStability	11
weightedPretzelSideKick	13	hipStability	11
proneHipInternalRotation	14	hipStability	11
weightedProneHipInternalRotation	15	hipStability	11
quadruped	16	hipStability	11
quadrupedHipExtension	17	hipStability	11
weightedQuadrupedHipExtension	18	hipStability	11
quadrupedWithLegLift	19	hipStability	11
weightedQuadrupedWithLegLift	20	hipStability	11
sideLyingLegRaise	21	hipStability	11
weightedSideLyingLegRaise	22	hipStability	11
slidingHipAdduction	23	hipStability	11
weightedSlidingHipAdduction	24	hipStability	11
standingAdduction	25	hipStability	11
weightedStandingAdduction	26	hipStability	11
standingCableHipAbduction	27	hipStability	11
standingHipAbduction	28	hipStability	11
weightedStandingHipAbduction	29	hipStability	11
standingRearLegRaise	30	hipStability	11
weightedStandingRearLegRaise	31	hipStability	11
supineHipInternalRotation	32	hipStability	11
weightedSupineHipInternalRotation	33	hipStability	11
lyingAbductionStretch	34	hipStability	11
singleArmKettlebellSwing	0	hipSwing	12
singleArmDumbbellSwing	1	hipSwing	12
stepOutSwing	2	hipSwing	12
oneArmSwing	3	hipSwing	12
backExtensionWithOppositeArmAndLegReach	0	hyperextension	13
weightedBackExtensionWithOppositeArmAndLegReach	1	hyperextension	13
baseRotations	2	hyperextension	13
weightedBaseRotations	3	hyperextension	13
bentKneeReverseHyperextension	4	hyperextension	13
weightedBentKneeReverseHyperextension	5	hyperextension	13
hollowHoldAndRoll	6	hyperextension	13
weightedHollowHoldAndRoll	7	hyperextension	13
kicks	8	hyperextension	13
weightedKicks	9	hyperextension	13
kneeRaises	10	hyperextension	13
weightedKneeRaises	11	hyperextension	13
kneelingSuperman	12	hyperextension	13
weightedKneelingSuperman	13	hyperextension	13
latPullDownWithRow	14	hyperextension	13
medicineBallDeadliftToReach	15	hyperextension	13
oneArmOneLegRow	16	hyperextension	13
oneArmRowWithBand	17	hyperextension	13
overheadLungeWithMedicineBall	18	hyperextension	13
plankKneeTucks	19	hyperextension	13
weightedPlankKneeTucks	20	hyperextension	13
sideStep	21	hyperextension	13
weightedSideStep	22	hyperextension	13
singleLegBackExtension	23	hyperextension	13
weightedSingleLegBackExtension	24	hyperextension	13
spineExtension	25	hyperextension	13
weightedSpineExtension	26	hyperextension	13
staticBackExtension	27	hyperextension	13
weightedStaticBackExtension	28	hyperextension	13
supermanFromFloor	29	hyperextension	13
weightedSupermanFromFloor	30	hyperextension	13
swissBallBackExtension	31	hyperextension	13
weightedSwissBallBackExtension	32	hyperextension	13
swissBallHyperextension	33	hyperextension	13
weightedSwissBallHyperextension	34	hyperextension	13
swissBallOppositeArmAndLegLift	35	hyperextension	13
weightedSwissBallOppositeArmAndLegLift	36	hyperextension	13
supermanOnSwissBall	37	hyperextension	13
cobra	38	hyperextension	13
supineFloorBarre	39	hyperextension	13
45DegreeCableExternalRotation	0	lateralRaise	14
alternatingLateralRaiseWithStaticHold	1	lateralRaise	14
barMuscleUp	2	lateralRaise	14
bentOverLateralRaise	3	lateralRaise	14
cableDiagonalRaise	4	lateralRaise	14
cableFrontRaise	5	lateralRaise	14
calorieRow	6	lateralRaise	14
comboShoulderRaise	7	lateralRaise	14
dumbbellDiagonalRaise	8	lateralRaise	14
dumbbellVRaise	9	lateralRaise	14
frontRaise	10	lateralRaise	14
leaningDumbbellLateralRaise	11	lateralRaise	14
lyingDumbbellRaise	12	lateralRaise	14
muscleUp	13	lateralRaise	14
oneArmCableLateralRaise	14	lateralRaise	14
overhandGripRearLateralRaise	15	lateralRaise	14
plateRaises	16	lateralRaise	14
ringDip	17	lateralRaise	14
weightedRingDip	18	lateralRaise	14
ringMuscleUp	19	lateralRaise	14
weightedRingMuscleUp	20	lateralRaise	14
ropeClimb	21	lateralRaise	14
weightedRopeClimb	22	lateralRaise	14
scaption	23	lateralRaise	14
seatedLateralRaise	24	lateralRaise	14
seatedRearLateralRaise	25	lateralRaise	14
sideLyingLateralRaise	26	lateralRaise	14
standingLift	27	lateralRaise	14
suspendedRow	28	lateralRaise	14
underhandGripRearLateralRaise	29	lateralRaise	14
wallSlide	30	lateralRaise	14
weightedWallSlide	31	lateralRaise	14
armCircles	32	lateralRaise	14
shavingTheHead	33	lateralRaise	14
dumbbellLateralRaise	34	lateralRaise	14
ringDipKipping	36	lateralRaise	14
wallWalk	37	lateralRaise	14
dumbbellFrontRaiseWheelchair	38	lateralRaise	14
dumbbellLateralRaiseWheelchair	39	lateralRaise	14
poleDoubleArmOverheadAndForwardWheelchair	40	lateralRaise	14
poleStraightArmOverheadWheelchair	41	lateralRaise	14
legCurl	0	legCurl	15
weightedLegCurl	1	legCurl	15
goodMorning	2	legCurl	15
seatedBarbellGoodMorning	3	legCurl	15
singleLegBarbellGoodMorning	4	legCurl	15
singleLegSlidingLegCurl	5	legCurl	15
slidingLegCurl	6	legCurl	15
splitBarbellGoodMorning	7	legCurl	15
splitStanceExtension	8	legCurl	15
staggeredStanceGoodMorning	9	legCurl	15
swissBallHipRaiseAndLegCurl	10	legCurl	15
zercherGoodMorning	11	legCurl	15
bandGoodMorning	12	legCurl	15
barGoodMorning	13	legCurl	15
hangingKneeRaise	0	legRaise	16
hangingLegRaise	1	legRaise	16
weightedHangingLegRaise	2	legRaise	16
hangingSingleLegRaise	3	legRaise	16
weightedHangingSingleLegRaise	4	legRaise	16
kettlebellLegRaises	5	legRaise	16
legLoweringDrill	6	legRaise	16
weightedLegLoweringDrill	7	legRaise	16
lyingStraightLegRaise	8	legRaise	16
weightedLyingStraightLegRaise	9	legRaise	16
medicineBallLegDrops	10	legRaise	16
quadrupedLegRaise	11	legRaise	16
weightedQuadrupedLegRaise	12	legRaise	16
reverseLegRaise	13	legRaise	16
weightedReverseLegRaise	14	legRaise	16
reverseLegRaiseOnSwissBall	15	legRaise	16
weightedReverseLegRaiseOnSwissBall	16	legRaise	16
singleLegLoweringDrill	17	legRaise	16
weightedSingleLegLoweringDrill	18	legRaise	16
weightedHangingKneeRaise	19	legRaise	16
lateralStepover	20	legRaise	16
weightedLateralStepover	21	legRaise	16
overheadLunge	0	lunge	17
lungeMatrix	1	lunge	17
weightedLungeMatrix	2	lunge	17
alternatingBarbellForwardLunge	3	lunge	17
alternatingDumbbellLungeWithReach	4	lunge	17
backFootElevatedDumbbellSplitSquat	5	lunge	17
barbellBoxLunge	6	lunge	17
barbellBulgarianSplitSquat	7	lunge	17
barbellCrossoverLunge	8	lunge	17
barbellFrontSplitSquat	9	lunge	17
barbellLunge	10	lunge	17
barbellReverseLunge	11	lunge	17
barbellSideLunge	12	lunge	17
barbellSplitSquat	13	lunge	17
coreControlRearLunge	14	lunge	17
diagonalLunge	15	lunge	17
dropLunge	16	lunge	17
dumbbellBoxLunge	17	lunge	17
dumbbellBulgarianSplitSquat	18	lunge	17
dumbbellCrossoverLunge	19	lunge	17
dumbbellDiagonalLunge	20	lunge	17
dumbbellLunge	21	lunge	17
dumbbellLungeAndRotation	22	lunge	17
dumbbellOverheadBulgarianSplitSquat	23	lunge	17
dumbbellReverseLungeToHighKneeAndPress	24	lunge	17
dumbbellSideLunge	25	lunge	17
elevatedFrontFootBarbellSplitSquat	26	lunge	17
frontFootElevatedDumbbellSplitSquat	27	lunge	17
gunslingerLunge	28	lunge	17
lawnmowerLunge	29	lunge	17
lowLungeWithIsometricAdduction	30	lunge	17
lowSideToSideLunge	31	lunge	17
lunge	32	lunge	17
weightedLunge	33	lunge	17
lungeWithArmReach	34	lunge	17
lungeWithDiagonalReach	35	lunge	17
lungeWithSideBend	36	lunge	17
offsetDumbbellLunge	37	lunge	17
offsetDumbbellReverseLunge	38	lunge	17
overheadBulgarianSplitSquat	39	lunge	17
overheadDumbbellReverseLunge	40	lunge	17
overheadDumbbellSplitSquat	41	lunge	17
overheadLungeWithRotation	42	lunge	17
reverseBarbellBoxLunge	43	lunge	17
reverseBoxLunge	44	lunge	17
reverseDumbbellBoxLunge	45	lunge	17
reverseDumbbellCrossoverLunge	46	lunge	17
reverseDumbbellDiagonalLunge	47	lunge	17
reverseLungeWithReachBack	48	lunge	17
weightedReverseLungeWithReachBack	49	lunge	17
reverseLungeWithTwistAndOverheadReach	50	lunge	17
weightedReverseLungeWithTwistAndOverheadReach	51	lunge	17
reverseSlidingBoxLunge	52	lunge	17
weightedReverseSlidingBoxLunge	53	lunge	17
reverseSlidingLunge	54	lunge	17
weightedReverseSlidingLunge	55	lunge	17
runnersLungeToBalance	56	lunge	17
weightedRunnersLungeToBalance	57	lunge	17
shiftingSideLunge	58	lunge	17
sideAndCrossoverLunge	59	lunge	17
weightedSideAndCrossoverLunge	60	lunge	17
sideLunge	61	lunge	17
weightedSideLunge	62	lunge	17
sideLungeAndPress	63	lunge	17
sideLungeJumpOff	64	lunge	17
sideLungeSweep	65	lunge	17
weightedSideLungeSweep	66	lunge	17
sideLungeToCrossoverTap	67	lunge	17
weightedSideLungeToCrossoverTap	68	lunge	17
sideToSideLungeChops	69	lunge	17
weightedSideToSideLungeChops	70	lunge	17
siffJumpLunge	71	lunge	17
weightedSiffJumpLunge	72	lunge	17
singleArmReverseLungeAndPress	73	lunge	17
slidingLateralLunge	74	lunge	17
weightedSlidingLateralLunge	75	lunge	17
walkingBarbellLunge	76	lunge	17
walkingDumbbellLunge	77	lunge	17
walkingLunge	78	lunge	17
weightedWalkingLunge	79	lunge	17
wideGripOverheadBarbellSplitSquat	80	lunge	17
alternatingDumbbellLunge	81	lunge	17
dumbbellReverseLunge	82	lunge	17
overheadDumbbellLunge	83	lunge	17
scissorPowerSwitch	84	lunge	17
dumbbellOverheadWalkingLunge	85	lunge	17
curtsyLunge	86	lunge	17
weightedCurtsyLunge	87	lunge	17
weightedShiftingSideLunge	88	lunge	17
weightedSideLungeAndPress	89	lunge	17
weightedSideLungeJumpOff	90	lunge	17
barbellHangPowerClean	0	olympicLift	18
barbellHangSquatClean	1	olympicLift	18
barbellPowerClean	2	olympicLift	18
barbellPowerSnatch	3	olympicLift	18
barbellSquatClean	4	olympicLift	18
cleanAndJerk	5	olympicLift	18
barbellHangPowerSnatch	6	olympicLift	18
barbellHangPull	7	olympicLift	18
barbellHighPull	8	olympicLift	18
barbellSnatch	9	olympicLift	18
barbellSplitJerk	10	olympicLift	18
clean	11	olympicLift	18
dumbbellClean	12	olympicLift	18
dumbbellHangPull	13	olympicLift	18
oneHandDumbbellSplitSnatch	14	olympicLift	18
pushJerk	15	olympicLift	18
singleArmDumbbellSnatch	16	olympicLift	18
singleArmHangSnatch	17	olympicLift	18
singleArmKettlebellSnatch	18	olympicLift	18
splitJerk	19	olympicLift	18
squatCleanAndJerk	20	olympicLift	18
dumbbellHangSnatch	21	olympicLift	18
dumbbellPowerCleanAndJerk	22	olympicLift	18
dumbbellPowerCleanAndPushPress	23	olympicLift	18
dumbbellPowerCleanAndStrictPress	24	olympicLift	18
dumbbellSnatch	25	olympicLift	18
medicineBallClean	26	olympicLift	18
cleanAndPress	27	olympicLift	18
snatch	28	olympicLift	18
45DegreePlank	0	plank	19
weighted45DegreePlank	1	plank	19
90DegreeStaticHold	2	plank	19
weighted90DegreeStaticHold	3	plank	19
bearCrawl	4	plank	19
weightedBearCrawl	5	plank	19
crossBodyMountainClimber	6	plank	19
weightedCrossBodyMountainClimber	7	plank	19
elbowPlankPikeJacks	8	plank	19
weightedElbowPlankPikeJacks	9	plank	19
elevatedFeetPlank	10	plank	19
weightedElevatedFeetPlank	11	plank	19
elevatorAbs	12	plank	19
weightedElevatorAbs	13	plank	19
extendedPlank	14	plank	19
weightedExtendedPlank	15	plank	19
fullPlankPasseTwist	16	plank	19
weightedFullPlankPasseTwist	17	plank	19
inchingElbowPlank	18	plank	19
weightedInchingElbowPlank	19	plank	19
inchwormToSidePlank	20	plank	19
weightedInchwormToSidePlank	21	plank	19
kneelingPlank	22	plank	19
weightedKneelingPlank	23	plank	19
kneelingSidePlankWithLegLift	24	plank	19
weightedKneelingSidePlankWithLegLift	25	plank	19
lateralRoll	26	plank	19
weightedLateralRoll	27	plank	19
lyingReversePlank	28	plank	19
weightedLyingReversePlank	29	plank	19
medicineBallMountainClimber	30	plank	19
weightedMedicineBallMountainClimber	31	plank	19
modifiedMountainClimberAndExtension	32	plank	19
weightedModifiedMountainClimberAndExtension	33	plank	19
mountainClimber	34	plank	19
weightedMountainClimber	35	plank	19
mountainClimberOnSlidingDiscs	36	plank	19
weightedMountainClimberOnSlidingDiscs	37	plank	19
mountainClimberWithFeetOnBosuBall	38	plank	19
weightedMountainClimberWithFeetOnBosuBall	39	plank	19
mountainClimberWithHandsOnBench	40	plank	19
mountainClimberWithHandsOnSwissBall	41	plank	19
weightedMountainClimberWithHandsOnSwissBall	42	plank	19
plank	43	plank	19
plankJacksWithFeetOnSlidingDiscs	44	plank	19
weightedPlankJacksWithFeetOnSlidingDiscs	45	plank	19
plankKneeTwist	46	plank	19
weightedPlankKneeTwist	47	plank	19
plankPikeJumps	48	plank	19
weightedPlankPikeJumps	49	plank	19
plankPikes	50	plank	19
weightedPlankPikes	51	plank	19
plankToStandUp	52	plank	19
weightedPlankToStandUp	53	plank	19
plankWithArmRaise	54	plank	19
weightedPlankWithArmRaise	55	plank	19
plankWithKneeToElbow	56	plank	19
weightedPlankWithKneeToElbow	57	plank	19
plankWithObliqueCrunch	58	plank	19
weightedPlankWithObliqueCrunch	59	plank	19
plyometricSidePlank	60	plank	19
weightedPlyometricSidePlank	61	plank	19
rollingSidePlank	62	plank	19
weightedRollingSidePlank	63	plank	19
sideKickPlank	64	plank	19
weightedSideKickPlank	65	plank	19
sidePlank	66	plank	19
weightedSidePlank	67	plank	19
sidePlankAndRow	68	plank	19
weightedSidePlankAndRow	69	plank	19
sidePlankLift	70	plank	19
weightedSidePlankLift	71	plank	19
sidePlankWithElbowOnBosuBall	72	plank	19
weightedSidePlankWithElbowOnBosuBall	73	plank	19
sidePlankWithFeetOnBench	74	plank	19
weightedSidePlankWithFeetOnBench	75	plank	19
sidePlankWithKneeCircle	76	plank	19
weightedSidePlankWithKneeCircle	77	plank	19
sidePlankWithKneeTuck	78	plank	19
weightedSidePlankWithKneeTuck	79	plank	19
sidePlankWithLegLift	80	plank	19
weightedSidePlankWithLegLift	81	plank	19
sidePlankWithReachUnder	82	plank	19
weightedSidePlankWithReachUnder	83	plank	19
singleLegElevatedFeetPlank	84	plank	19
weightedSingleLegElevatedFeetPlank	85	plank	19
singleLegFlexAndExtend	86	plank	19
weightedSingleLegFlexAndExtend	87	plank	19
singleLegSidePlank	88	plank	19
weightedSingleLegSidePlank	89	plank	19
spidermanPlank	90	plank	19
weightedSpidermanPlank	91	plank	19
straightArmPlank	92	plank	19
weightedStraightArmPlank	93	plank	19
straightArmPlankWithShoulderTouch	94	plank	19
weightedStraightArmPlankWithShoulderTouch	95	plank	19
swissBallPlank	96	plank	19
weightedSwissBallPlank	97	plank	19
swissBallPlankLegLift	98	plank	19
weightedSwissBallPlankLegLift	99	plank	19
swissBallPlankLegLiftAndHold	100	plank	19
swissBallPlankWithFeetOnBench	101	plank	19
weightedSwissBallPlankWithFeetOnBench	102	plank	19
swissBallProneJackknife	103	plank	19
weightedSwissBallProneJackknife	104	plank	19
swissBallSidePlank	105	plank	19
weightedSwissBallSidePlank	106	plank	19
threeWayPlank	107	plank	19
weightedThreeWayPlank	108	plank	19
towelPlankAndKneeIn	109	plank	19
weightedTowelPlankAndKneeIn	110	plank	19
tStabilization	111	plank	19
weightedTStabilization	112	plank	19
turkishGetUpToSidePlank	113	plank	19
weightedTurkishGetUpToSidePlank	114	plank	19
twoPointPlank	115	plank	19
weightedTwoPointPlank	116	plank	19
weightedPlank	117	plank	19
wideStancePlankWithDiagonalArmLift	118	plank	19
weightedWideStancePlankWithDiagonalArmLift	119	plank	19
wideStancePlankWithDiagonalLegLift	120	plank	19
weightedWideStancePlankWithDiagonalLegLift	121	plank	19
wideStancePlankWithLegLift	122	plank	19
weightedWideStancePlankWithLegLift	123	plank	19
wideStancePlankWithOppositeArmAndLegLift	124	plank	19
weightedMountainClimberWithHandsOnBench	125	plank	19
weightedSwissBallPlankLegLiftAndHold	126	plank	19
weightedWideStancePlankWithOppositeArmAndLegLift	127	plank	19
plankWithFeetOnSwissBall	128	plank	19
sidePlankToPlankWithReachUnder	129	plank	19
bridgeWithGluteLowerLift	130	plank	19
bridgeOneLegBridge	131	plank	19
plankWithArmVariations	132	plank	19
plankWithLegLift	133	plank	19
reversePlankWithLegPull	134	plank	19
ringPlankSprawls	135	plank	19
alternatingJumpLunge	0	plyo	20
weightedAlternatingJumpLunge	1	plyo	20
barbellJumpSquat	2	plyo	20
bodyWeightJumpSquat	3	plyo	20
weightedJumpSquat	4	plyo	20
crossKneeStrike	5	plyo	20
weightedCrossKneeStrike	6	plyo	20
depthJump	7	plyo	20
weightedDepthJump	8	plyo	20
dumbbellJumpSquat	9	plyo	20
dumbbellSplitJump	10	plyo	20
frontKneeStrike	11	plyo	20
weightedFrontKneeStrike	12	plyo	20
highBoxJump	13	plyo	20
weightedHighBoxJump	14	plyo	20
isometricExplosiveBodyWeightJumpSquat	15	plyo	20
weightedIsometricExplosiveJumpSquat	16	plyo	20
lateralLeapAndHop	17	plyo	20
weightedLateralLeapAndHop	18	plyo	20
lateralPlyoSquats	19	plyo	20
weightedLateralPlyoSquats	20	plyo	20
lateralSlide	21	plyo	20
weightedLateralSlide	22	plyo	20
medicineBallOverheadThrows	23	plyo	20
medicineBallSideThrow	24	plyo	20
medicineBallSlam	25	plyo	20
sideToSideMedicineBallThrows	26	plyo	20
sideToSideShuffleJump	27	plyo	20
weightedSideToSideShuffleJump	28	plyo	20
squatJumpOntoBox	29	plyo	20
weightedSquatJumpOntoBox	30	plyo	20
squatJumpsInAndOut	31	plyo	20
weightedSquatJumpsInAndOut	32	plyo	20
boxJump	33	plyo	20
boxJumpOvers	34	plyo	20
boxJumpOversOverTheBox	35	plyo	20
starJumpSquats	36	plyo	20
jumpSquat	37	plyo	20
bandedPullUps	0	pullUp	21
30DegreeLatPulldown	1	pullUp	21
bandAssistedChinUp	2	pullUp	21
closeGripChinUp	3	pullUp	21
weightedCloseGripChinUp	4	pullUp	21
closeGripLatPulldown	5	pullUp	21
crossoverChinUp	6	pullUp	21
weightedCrossoverChinUp	7	pullUp	21
ezBarPullover	8	pullUp	21
hangingHurdle	9	pullUp	21
weightedHangingHurdle	10	pullUp	21
kneelingLatPulldown	11	pullUp	21
kneelingUnderhandGripLatPulldown	12	pullUp	21
latPulldown	13	pullUp	21
mixedGripChinUp	14	pullUp	21
weightedMixedGripChinUp	15	pullUp	21
mixedGripPullUp	16	pullUp	21
weightedMixedGripPullUp	17	pullUp	21
reverseGripPulldown	18	pullUp	21
standingCablePullover	19	pullUp	21
straightArmPulldown	20	pullUp	21
swissBallEzBarPullover	21	pullUp	21
towelPullUp	22	pullUp	21
weightedTowelPullUp	23	pullUp	21
weightedPullUp	24	pullUp	21
wideGripLatPulldown	25	pullUp	21
wideGripPullUp	26	pullUp	21
weightedWideGripPullUp	27	pullUp	21
burpeePullUp	28	pullUp	21
weightedBurpeePullUp	29	pullUp	21
jumpingPullUps	30	pullUp	21
weightedJumpingPullUps	31	pullUp	21
kippingPullUp	32	pullUp	21
weightedKippingPullUp	33	pullUp	21
lPullUp	34	pullUp	21
weightedLPullUp	35	pullUp	21
suspendedChinUp	36	pullUp	21
weightedSuspendedChinUp	37	pullUp	21
pullUp	38	pullUp	21
chinUp	39	pullUp	21
neutralGripChinUp	40	pullUp	21
weightedChinUp	41	pullUp	21
bandAssistedPullUp	42	pullUp	21
neutralGripPullUp	43	pullUp	21
weightedNeutralGripChinUp	44	pullUp	21
weightedNeutralGripPullUp	45	pullUp	21
chestPressWithBand	0	pushUp	22
alternatingStaggeredPushUp	1	pushUp	22
weightedAlternatingStaggeredPushUp	2	pushUp	22
alternatingHandsMedicineBallPushUp	3	pushUp	22
weightedAlternatingHandsMedicineBallPushUp	4	pushUp	22
bosuBallPushUp	5	pushUp	22
weightedBosuBallPushUp	6	pushUp	22
clappingPushUp	7	pushUp	22
weightedClappingPushUp	8	pushUp	22
closeGripMedicineBallPushUp	9	pushUp	22
weightedCloseGripMedicineBallPushUp	10	pushUp	22
closeHandsPushUp	11	pushUp	22
weightedCloseHandsPushUp	12	pushUp	22
declinePushUp	13	pushUp	22
weightedDeclinePushUp	14	pushUp	22
diamondPushUp	15	pushUp	22
weightedDiamondPushUp	16	pushUp	22
explosiveCrossoverPushUp	17	pushUp	22
weightedExplosiveCrossoverPushUp	18	pushUp	22
explosivePushUp	19	pushUp	22
weightedExplosivePushUp	20	pushUp	22
feetElevatedSideToSidePushUp	21	pushUp	22
weightedFeetElevatedSideToSidePushUp	22	pushUp	22
handReleasePushUp	23	pushUp	22
weightedHandReleasePushUp	24	pushUp	22
handstandPushUp	25	pushUp	22
weightedHandstandPushUp	26	pushUp	22
inclinePushUp	27	pushUp	22
weightedInclinePushUp	28	pushUp	22
isometricExplosivePushUp	29	pushUp	22
weightedIsometricExplosivePushUp	30	pushUp	22
judoPushUp	31	pushUp	22
weightedJudoPushUp	32	pushUp	22
kneelingPushUp	33	pushUp	22
weightedKneelingPushUp	34	pushUp	22
medicineBallChestPass	35	pushUp	22
medicineBallPushUp	36	pushUp	22
weightedMedicineBallPushUp	37	pushUp	22
oneArmPushUp	38	pushUp	22
weightedOneArmPushUp	39	pushUp	22
weightedPushUp	40	pushUp	22
pushUpAndRow	41	pushUp	22
weightedPushUpAndRow	42	pushUp	22
pushUpPlus	43	pushUp	22
weightedPushUpPlus	44	pushUp	22
pushUpWithFeetOnSwissBall	45	pushUp	22
weightedPushUpWithFeetOnSwissBall	46	pushUp	22
pushUpWithOneHandOnMedicineBall	47	pushUp	22
weightedPushUpWithOneHandOnMedicineBall	48	pushUp	22
shoulderPushUp	49	pushUp	22
weightedShoulderPushUp	50	pushUp	22
singleArmMedicineBallPushUp	51	pushUp	22
weightedSingleArmMedicineBallPushUp	52	pushUp	22
spidermanPushUp	53	pushUp	22
weightedSpidermanPushUp	54	pushUp	22
stackedFeetPushUp	55	pushUp	22
weightedStackedFeetPushUp	56	pushUp	22
staggeredHandsPushUp	57	pushUp	22
weightedStaggeredHandsPushUp	58	pushUp	22
suspendedPushUp	59	pushUp	22
weightedSuspendedPushUp	60	pushUp	22
swissBallPushUp	61	pushUp	22
weightedSwissBallPushUp	62	pushUp	22
swissBallPushUpPlus	63	pushUp	22
weightedSwissBallPushUpPlus	64	pushUp	22
tPushUp	65	pushUp	22
weightedTPushUp	66	pushUp	22
tripleStopPushUp	67	pushUp	22
weightedTripleStopPushUp	68	pushUp	22
wideHandsPushUp	69	pushUp	22
weightedWideHandsPushUp	70	pushUp	22
paralletteHandstandPushUp	71	pushUp	22
weightedParalletteHandstandPushUp	72	pushUp	22
ringHandstandPushUp	73	pushUp	22
weightedRingHandstandPushUp	74	pushUp	22
ringPushUp	75	pushUp	22
weightedRingPushUp	76	pushUp	22
pushUp	77	pushUp	22
pilatesPushup	78	pushUp	22
dynamicPushUp	79	pushUp	22
kippingHandstandPushUp	80	pushUp	22
shoulderTappingPushUp	81	pushUp	22
bicepsPushUp	82	pushUp	22
hinduPushUp	83	pushUp	22
pikePushUp	84	pushUp	22
wideGripPushUp	85	pushUp	22
weightedBicepsPushUp	86	pushUp	22
weightedHinduPushUp	87	pushUp	22
weightedPikePushUp	88	pushUp	22
kippingParalletteHandstandPushUp	89	pushUp	22
wallPushUp	90	pushUp	22
barbellStraightLegDeadliftToRow	0	row	23
cableRowStanding	1	row	23
dumbbellRow	2	row	23
elevatedFeetInvertedRow	3	row	23
weightedElevatedFeetInvertedRow	4	row	23
facePull	5	row	23
facePullWithExternalRotation	6	row	23
invertedRowWithFeetOnSwissBall	7	row	23
weightedInvertedRowWithFeetOnSwissBall	8	row	23
kettlebellRow	9	row	23
modifiedInvertedRow	10	row	23
weightedModifiedInvertedRow	11	row	23
neutralGripAlternatingDumbbellRow	12	row	23
oneArmBentOverRow	13	row	23
oneLeggedDumbbellRow	14	row	23
renegadeRow	15	row	23
reverseGripBarbellRow	16	row	23
ropeHandleCableRow	17	row	23
seatedCableRow	18	row	23
seatedDumbbellRow	19	row	23
singleArmCableRow	20	row	23
singleArmCableRowAndRotation	21	row	23
singleArmInvertedRow	22	row	23
weightedSingleArmInvertedRow	23	row	23
singleArmNeutralGripDumbbellRow	24	row	23
singleArmNeutralGripDumbbellRowAndRotation	25	row	23
suspendedInvertedRow	26	row	23
weightedSuspendedInvertedRow	27	row	23
tBarRow	28	row	23
towelGripInvertedRow	29	row	23
weightedTowelGripInvertedRow	30	row	23
underhandGripCableRow	31	row	23
vGripCableRow	32	row	23
wideGripSeatedCableRow	33	row	23
alternatingDumbbellRow	34	row	23
invertedRow	35	row	23
row	36	row	23
weightedRow	37	row	23
indoorRow	38	row	23
bandedFacePulls	39	row	23
chestSupportedDumbbellRow	40	row	23
declineRingRow	41	row	23
elevatedRingRow	42	row	23
rdlBentOverRowWithBarbellDumbbell	43	row	23
ringRow	44	row	23
barbellRow	45	row	23
bentOverRowWithBarbell	46	row	23
bentOverRowWithDumbell	47	row	23
seatedUnderhandGripCableRow	48	row	23
trxInvertedRow	49	row	23
weightedInvertedRow	50	row	23
weightedTrxInvertedRow	51	row	23
dumbbellRowWheelchair	52	row	23
alternatingDumbbellShoulderPress	0	shoulderPress	24
arnoldPress	1	shoulderPress	24
barbellFrontSquatToPushPress	2	shoulderPress	24
barbellPushPress	3	shoulderPress	24
barbellShoulderPress	4	shoulderPress	24
deadCurlPress	5	shoulderPress	24
dumbbellAlternatingShoulderPressAndTwist	6	shoulderPress	24
dumbbellHammerCurlToLungeToPress	7	shoulderPress	24
dumbbellPushPress	8	shoulderPress	24
floorInvertedShoulderPress	9	shoulderPress	24
weightedFloorInvertedShoulderPress	10	shoulderPress	24
invertedShoulderPress	11	shoulderPress	24
weightedInvertedShoulderPress	12	shoulderPress	24
oneArmPushPress	13	shoulderPress	24
overheadBarbellPress	14	shoulderPress	24
overheadDumbbellPress	15	shoulderPress	24
seatedBarbellShoulderPress	16	shoulderPress	24
seatedDumbbellShoulderPress	17	shoulderPress	24
singleArmDumbbellShoulderPress	18	shoulderPress	24
singleArmStepUpAndPress	19	shoulderPress	24
smithMachineOverheadPress	20	shoulderPress	24
splitStanceHammerCurlToPress	21	shoulderPress	24
swissBallDumbbellShoulderPress	22	shoulderPress	24
weightPlateFrontRaise	23	shoulderPress	24
dumbbellShoulderPress	24	shoulderPress	24
militaryPress	25	shoulderPress	24
strictPress	27	shoulderPress	24
dumbbellFrontRaise	28	shoulderPress	24
dumbbellCurlToOverheadPressWheelchair	29	shoulderPress	24
arnoldPressWheelchair	30	shoulderPress	24
overheadDumbbellPressWheelchair	31	shoulderPress	24
90DegreeCableExternalRotation	0	shoulderStability	25
bandExternalRotation	1	shoulderStability	25
bandInternalRotation	2	shoulderStability	25
bentArmLateralRaiseAndExternalRotation	3	shoulderStability	25
cableExternalRotation	4	shoulderStability	25
dumbbellFacePullWithExternalRotation	5	shoulderStability	25
floorIRaise	6	shoulderStability	25
weightedFloorIRaise	7	shoulderStability	25
floorTRaise	8	shoulderStability	25
weightedFloorTRaise	9	shoulderStability	25
floorYRaise	10	shoulderStability	25
weightedFloorYRaise	11	shoulderStability	25
inclineIRaise	12	shoulderStability	25
weightedInclineIRaise	13	shoulderStability	25
inclineLRaise	14	shoulderStability	25
weightedInclineLRaise	15	shoulderStability	25
inclineTRaise	16	shoulderStability	25
weightedInclineTRaise	17	shoulderStability	25
inclineWRaise	18	shoulderStability	25
weightedInclineWRaise	19	shoulderStability	25
inclineYRaise	20	shoulderStability	25
weightedInclineYRaise	21	shoulderStability	25
lyingExternalRotation	22	shoulderStability	25
seatedDumbbellExternalRotation	23	shoulderStability	25
standingLRaise	24	shoulderStability	25
swissBallIRaise	25	shoulderStability	25
weightedSwissBallIRaise	26	shoulderStability	25
swissBallTRaise	27	shoulderStability	25
weightedSwissBallTRaise	28	shoulderStability	25
swissBallWRaise	29	shoulderStability	25
weightedSwissBallWRaise	30	shoulderStability	25
swissBallYRaise	31	shoulderStability	25
weightedSwissBallYRaise	32	shoulderStability	25
cableInternalRotation	33	shoulderStability	25
lyingInternalRotation	34	shoulderStability	25
seatedDumbbellInternalRotation	35	shoulderStability	25
barbellJumpShrug	0	shrug	26
barbellShrug	1	shrug	26
barbellUprightRow	2	shrug	26
behindTheBackSmithMachineShrug	3	shrug	26
dumbbellJumpShrug	4	shrug	26
dumbbellShrug	5	shrug	26
dumbbellUprightRow	6	shrug	26
inclineDumbbellShrug	7	shrug	26
overheadBarbellShrug	8	shrug	26
overheadDumbbellShrug	9	shrug	26
scaptionAndShrug	10	shrug	26
scapularRetraction	11	shrug	26
serratusChairShrug	12	shrug	26
weightedSerratusChairShrug	13	shrug	26
serratusShrug	14	shrug	26
weightedSerratusShrug	15	shrug	26
wideGripJumpShrug	16	shrug	26
wideGripBarbellShrug	17	shrug	26
behindTheBackShrug	18	shrug	26
dumbbellShrugWheelchair	19	shrug	26
shrugWheelchair	20	shrug	26
shrugArmDownWheelchair	21	shrug	26
shrugArmMidWheelchair	22	shrug	26
shrugArmUpWheelchair	23	shrug	26
uprightRow	24	shrug	26
alternatingSitUp	0	sitUp	27
weightedAlternatingSitUp	1	sitUp	27
bentKneeVUp	2	sitUp	27
weightedBentKneeVUp	3	sitUp	27
butterflySitUp	4	sitUp	27
weightedButterflySitup	5	sitUp	27
crossPunchRollUp	6	sitUp	27
weightedCrossPunchRollUp	7	sitUp	27
crossedArmsSitUp	8	sitUp	27
weightedCrossedArmsSitUp	9	sitUp	27
getUpSitUp	10	sitUp	27
weightedGetUpSitUp	11	sitUp	27
hoveringSitUp	12	sitUp	27
weightedHoveringSitUp	13	sitUp	27
kettlebellSitUp	14	sitUp	27
medicineBallAlternatingVUp	15	sitUp	27
medicineBallSitUp	16	sitUp	27
medicineBallVUp	17	sitUp	27
modifiedSitUp	18	sitUp	27
negativeSitUp	19	sitUp	27
oneArmFullSitUp	20	sitUp	27
recliningCircle	21	sitUp	27
weightedRecliningCircle	22	sitUp	27
reverseCurlUp	23	sitUp	27
weightedReverseCurlUp	24	sitUp	27
singleLegSwissBallJackknife	25	sitUp	27
weightedSingleLegSwissBallJackknife	26	sitUp	27
theTeaser	27	sitUp	27
theTeaserWeighted	28	sitUp	27
threePartRollDown	29	sitUp	27
weightedThreePartRollDown	30	sitUp	27
vUp	31	sitUp	27
weightedVUp	32	sitUp	27
weightedRussianTwistOnSwissBall	33	sitUp	27
weightedSitUp	34	sitUp	27
xAbs	35	sitUp	27
weightedXAbs	36	sitUp	27
sitUp	37	sitUp	27
ghdSitUps	38	sitUp	27
sitUpTurkishGetUp	39	sitUp	27
russianTwistOnSwissBall	40	sitUp	27
legPress	0	squat	28
backSquatWithBodyBar	1	squat	28
backSquats	2	squat	28
weightedBackSquats	3	squat	28
balancingSquat	4	squat	28
weightedBalancingSquat	5	squat	28
barbellBackSquat	6	squat	28
barbellBoxSquat	7	squat	28
barbellFrontSquat	8	squat	28
barbellHackSquat	9	squat	28
barbellHangSquatSnatch	10	squat	28
barbellLateralStepUp	11	squat	28
barbellQuarterSquat	12	squat	28
barbellSiffSquat	13	squat	28
barbellSquatSnatch	14	squat	28
barbellSquatWithHeelsRaised	15	squat	28
barbellStepover	16	squat	28
barbellStepUp	17	squat	28
benchSquatWithRotationalChop	18	squat	28
weightedBenchSquatWithRotationalChop	19	squat	28
bodyWeightWallSquat	20	squat	28
weightedWallSquat	21	squat	28
boxStepSquat	22	squat	28
weightedBoxStepSquat	23	squat	28
bracedSquat	24	squat	28
crossedArmBarbellFrontSquat	25	squat	28
crossoverDumbbellStepUp	26	squat	28
dumbbellFrontSquat	27	squat	28
dumbbellSplitSquat	28	squat	28
dumbbellSquat	29	squat	28
dumbbellSquatClean	30	squat	28
dumbbellStepover	31	squat	28
dumbbellStepUp	32	squat	28
elevatedSingleLegSquat	33	squat	28
weightedElevatedSingleLegSquat	34	squat	28
figureFourSquats	35	squat	28
weightedFigureFourSquats	36	squat	28
gobletSquat	37	squat	28
kettlebellSquat	38	squat	28
kettlebellSwingOverhead	39	squat	28
kettlebellSwingWithFlipToSquat	40	squat	28
lateralDumbbellStepUp	41	squat	28
oneLeggedSquat	42	squat	28
overheadDumbbellSquat	43	squat	28
overheadSquat	44	squat	28
partialSingleLegSquat	45	squat	28
weightedPartialSingleLegSquat	46	squat	28
pistolSquat	47	squat	28
weightedPistolSquat	48	squat	28
plieSlides	49	squat	28
weightedPlieSlides	50	squat	28
plieSquat	51	squat	28
weightedPlieSquat	52	squat	28
prisonerSquat	53	squat	28
weightedPrisonerSquat	54	squat	28
singleLegBenchGetUp	55	squat	28
weightedSingleLegBenchGetUp	56	squat	28
singleLegBenchSquat	57	squat	28
weightedSingleLegBenchSquat	58	squat	28
singleLegSquatOnSwissBall	59	squat	28
weightedSingleLegSquatOnSwissBall	60	squat	28
squat	61	squat	28
weightedSquat	62	squat	28
squatsWithBand	63	squat	28
staggeredSquat	64	squat	28
weightedStaggeredSquat	65	squat	28
stepUp	66	squat	28
weightedStepUp	67	squat	28
suitcaseSquats	68	squat	28
sumoSquat	69	squat	28
sumoSquatSlideIn	70	squat	28
weightedSumoSquatSlideIn	71	squat	28
sumoSquatToHighPull	72	squat	28
sumoSquatToStand	73	squat	28
weightedSumoSquatToStand	74	squat	28
sumoSquatWithRotation	75	squat	28
weightedSumoSquatWithRotation	76	squat	28
swissBallBodyWeightWallSquat	77	squat	28
weightedSwissBallWallSquat	78	squat	28
thrusters	79	squat	28
unevenSquat	80	squat	28
weightedUnevenSquat	81	squat	28
waistSlimmingSquat	82	squat	28
wallBall	83	squat	28
wideStanceBarbellSquat	84	squat	28
wideStanceGobletSquat	85	squat	28
zercherSquat	86	squat	28
kbsOverhead	87	squat	28
squatAndSideKick	88	squat	28
squatJumpsInNOut	89	squat	28
pilatesPlieSquatsParallelTurnedOutFlatAndHeels	90	squat	28
releveStraightLegAndKneeBentWithOneLegVariation	91	squat	28
alternatingBoxDumbbellStepUps	92	squat	28
dumbbellOverheadSquatSingleArm	93	squat	28
dumbbellSquatSnatch	94	squat	28
medicineBallSquat	95	squat	28
wallBallSquatAndPress	97	squat	28
squatAmericanSwing	98	squat	28
airSquat	100	squat	28
dumbbellThrusters	101	squat	28
overheadBarbellSquat	102	squat	28
burpee	0	totalBody	29
weightedBurpee	1	totalBody	29
burpeeBoxJump	2	totalBody	29
weightedBurpeeBoxJump	3	totalBody	29
highPullBurpee	4	totalBody	29
manMakers	5	totalBody	29
oneArmBurpee	6	totalBody	29
squatThrusts	7	totalBody	29
weightedSquatThrusts	8	totalBody	29
squatPlankPushUp	9	totalBody	29
weightedSquatPlankPushUp	10	totalBody	29
standingTRotationBalance	11	totalBody	29
weightedStandingTRotationBalance	12	totalBody	29
barbellBurpee	13	totalBody	29
burpeeBoxJumpOverYesLiterallyJumpingOverTheBox	15	totalBody	29
burpeeBoxJumpStepUpOver	16	totalBody	29
lateralBarbellBurpee	17	totalBody	29
totalBodyBurpeeOverBar	18	totalBody	29
burpeeBoxJumpOver	19	totalBody	29
burpeeWheelchair	20	totalBody	29
benchDip	0	tricepsExtension	30
weightedBenchDip	1	tricepsExtension	30
bodyWeightDip	2	tricepsExtension	30
cableKickback	3	tricepsExtension	30
cableLyingTricepsExtension	4	tricepsExtension	30
cableOverheadTricepsExtension	5	tricepsExtension	30
dumbbellKickback	6	tricepsExtension	30
dumbbellLyingTricepsExtension	7	tricepsExtension	30
ezBarOverheadTricepsExtension	8	tricepsExtension	30
inclineDip	9	tricepsExtension	30
weightedInclineDip	10	tricepsExtension	30
inclineEzBarLyingTricepsExtension	11	tricepsExtension	30
lyingDumbbellPulloverToExtension	12	tricepsExtension	30
lyingEzBarTricepsExtension	13	tricepsExtension	30
lyingTricepsExtensionToCloseGripBenchPress	14	tricepsExtension	30
overheadDumbbellTricepsExtension	15	tricepsExtension	30
recliningTricepsPress	16	tricepsExtension	30
reverseGripPressdown	17	tricepsExtension	30
reverseGripTricepsPressdown	18	tricepsExtension	30
ropePressdown	19	tricepsExtension	30
seatedBarbellOverheadTricepsExtension	20	tricepsExtension	30
seatedDumbbellOverheadTricepsExtension	21	tricepsExtension	30
seatedEzBarOverheadTricepsExtension	22	tricepsExtension	30
seatedSingleArmOverheadDumbbellExtension	23	tricepsExtension	30
singleArmDumbbellOverheadTricepsExtension	24	tricepsExtension	30
singleDumbbellSeatedOverheadTricepsExtension	25	tricepsExtension	30
singleLegBenchDipAndKick	26	tricepsExtension	30
weightedSingleLegBenchDipAndKick	27	tricepsExtension	30
singleLegDip	28	tricepsExtension	30
weightedSingleLegDip	29	tricepsExtension	30
staticLyingTricepsExtension	30	tricepsExtension	30
suspendedDip	31	tricepsExtension	30
weightedSuspendedDip	32	tricepsExtension	30
swissBallDumbbellLyingTricepsExtension	33	tricepsExtension	30
swissBallEzBarLyingTricepsExtension	34	tricepsExtension	30
swissBallEzBarOverheadTricepsExtension	35	tricepsExtension	30
tabletopDip	36	tricepsExtension	30
weightedTabletopDip	37	tricepsExtension	30
tricepsExtensionOnFloor	38	tricepsExtension	30
tricepsPressdown	39	tricepsExtension	30
weightedDip	40	tricepsExtension	30
alternatingDumbbellLyingTricepsExtension	41	tricepsExtension	30
tricepsPress	42	tricepsExtension	30
dumbbellKickbackWheelchair	43	tricepsExtension	30
overheadDumbbellTricepsExtensionWheelchair	44	tricepsExtension	30
quadrupedRocking	0	warmUp	31
neckTilts	1	warmUp	31
ankleCircles	2	warmUp	31
ankleDorsiflexionWithBand	3	warmUp	31
ankleInternalRotation	4	warmUp	31
armCircles	5	warmUp	31
bentOverReachToSky	6	warmUp	31
catCamel	7	warmUp	31
elbowToFootLunge	8	warmUp	31
forwardAndBackwardLegSwings	9	warmUp	31
groiners	10	warmUp	31
invertedHamstringStretch	11	warmUp	31
lateralDuckUnder	12	warmUp	31
neckRotations	13	warmUp	31
oppositeArmAndLegBalance	14	warmUp	31
reachRollAndLift	15	warmUp	31
scorpion	16	warmUp	31
shoulderCircles	17	warmUp	31
sideToSideLegSwings	18	warmUp	31
sleeperStretch	19	warmUp	31
slideOut	20	warmUp	31
swissBallHipCrossover	21	warmUp	31
swissBallReachRollAndLift	22	warmUp	31
swissBallWindshieldWipers	23	warmUp	31
thoracicRotation	24	warmUp	31
walkingHighKicks	25	warmUp	31
walkingHighKnees	26	warmUp	31
walkingKneeHugs	27	warmUp	31
walkingLegCradles	28	warmUp	31
walkout	29	warmUp	31
walkoutFromPushUpPosition	30	warmUp	31
bicepsStretch	31	warmUp	31
glutesStretch	32	warmUp	31
standingHamstringStretch	33	warmUp	31
stretch90_90	34	warmUp	31
stretchAbs	35	warmUp	31
stretchButterfly	36	warmUp	31
stretchCalf	37	warmUp	31
stretchCatCow	38	warmUp	31
stretchChildsPose	39	warmUp	31
stretchCobra	40	warmUp	31
stretchForearms	41	warmUp	31
stretchForwardGlutes	42	warmUp	31
stretchFrontSplit	43	warmUp	31
stretchHamstring	44	warmUp	31
stretchHipFlexorAndQuad	45	warmUp	31
stretchLat	46	warmUp	31
stretchLevatorScapulae	47	warmUp	31
stretchLungeWithSpinalTwist	48	warmUp	31
stretchLungingHipFlexor	49	warmUp	31
stretchLyingAbduction	50	warmUp	31
stretchLyingItBand	51	warmUp	31
stretchLyingKneeToChest	52	warmUp	31
stretchLyingPiriformis	53	warmUp	31
stretchLyingSpinalTwist	54	warmUp	31
stretchNeck	55	warmUp	31
stretchObliques	56	warmUp	31
stretchOverUnderShoulder	57	warmUp	31
stretchPectoral	58	warmUp	31
stretchPigeonPose	59	warmUp	31
stretchPiriformis	60	warmUp	31
stretchQuad	61	warmUp	31
stretchScorpion	62	warmUp	31
stretchShoulder	63	warmUp	31
stretchSide	64	warmUp	31
stretchSideLunge	65	warmUp	31
stretchSideSplit	66	warmUp	31
stretchStandingItBand	67	warmUp	31
stretchStraddle	68	warmUp	31
stretchTriceps	69	warmUp	31
stretchWallChestAndShoulder	70	warmUp	31
neckRotationsWheelchair	71	warmUp	31
halfKneelingArmRotation	72	warmUp	31
threeWayAnkleMobilization	73	warmUp	31
ninetyNinetyHipSwitch	74	warmUp	31
activeFrog	75	warmUp	31
shoulderSweeps	76	warmUp	31
ankleLunges	77	warmUp	31
backRollFoamRoller	78	warmUp	31
bearCrawl	79	warmUp	31
latissimusDorsiFoamRoll	80	warmUp	31
reverseTHipOpener	81	warmUp	31
shoulderRolls	82	warmUp	31
chestOpeners	83	warmUp	31
tricepsStretch	84	warmUp	31
upperBackStretch	85	warmUp	31
hipCircles	86	warmUp	31
ankleStretch	87	warmUp	31
marchingInPlace	88	warmUp	31
tricepsStretchWheelchair	89	warmUp	31
upperBackStretchWheelchair	90	warmUp	31
run	0	run	32
walk	1	run	32
jog	2	run	32
sprint	3	run	32
runOrWalk	4	run	32
speedWalk	5	run	32
warmUp	6	run	32
bike	0	bike	33
ride	1	bike	33
sprint	2	bike	33
archAndCurl	0	move	35
armCirclesWithBallBandAndWeight	1	move	35
armStretch	2	move	35
backMassage	3	move	35
bellyBreathing	4	move	35
bridgeWithBall	5	move	35
diamondLegCrunch	6	move	35
diamondLegLift	7	move	35
eightPointShoulderOpener	8	move	35
footRolling	9	move	35
footwork	10	move	35
footworkOnDisc	11	move	35
forwardFold	12	move	35
frogWithBand	13	move	35
halfRollUp	14	move	35
hamstringCurl	15	move	35
hamstringStretch	16	move	35
hipStretch	17	move	35
hugATreeWithBallBandAndWeight	18	move	35
kneeCircles	19	move	35
kneeFoldsOnDisc	20	move	35
lateralFlexion	21	move	35
legStretchWithBand	22	move	35
legStretchWithLegCircles	23	move	35
lowerLiftOnDisc	24	move	35
lungeSquat	25	move	35
lungesWithKneeLift	26	move	35
mermaidStretch	27	move	35
neutralPelvicPosition	28	move	35
pelvicClocksOnDisc	29	move	35
pilatesPlieSquatsParallelTurnedOutFlatAndHeelsWithChair	30	move	35
piriformisStretch	31	move	35
plankKneeCrosses	32	move	35
plankKneePulls	33	move	35
plankUpDowns	34	move	35
prayerMudra	35	move	35
psoasLungeStretch	36	move	35
ribcageBreathing	37	move	35
rollDown	38	move	35
rollUpWithWeightAndBand	39	move	35
saw	40	move	35
scapularStabilization	41	move	35
scissorsOnDisc	42	move	35
seatedHipStretchup	43	move	35
seatedTwist	44	move	35
shavingTheHeadWithBallBandAndWeight	45	move	35
spinalTwist	46	move	35
spinalTwistStretch	47	move	35
spineStretchForward	48	move	35
squatOpenArmTwistPose	49	move	35
squatsWithBall	50	move	35
standAndHang	51	move	35
standingSideStretch	52	move	35
standingSingleLegForwardBendWithItBandOpener	53	move	35
straightLegCrunchWithLegLift	54	move	35
straightLegCrunchWithLegLiftWithBall	55	move	35
straightLegCrunchWithLegsCrossed	56	move	35
straightLegCrunchWithLegsCrossedWithBall	57	move	35
straightLegDiagonalCrunch	58	move	35
straightLegDiagonalCrunchWithBall	59	move	35
tailboneCurl	60	move	35
throatLock	61	move	35
tickTockSideRoll	62	move	35
twist	63	move	35
vLegCrunches	64	move	35
vSit	65	move	35
forwardFoldWheelchair	66	move	35
forwardFoldPlusWheelchair	67	move	35
armCirclesLowForwardWheelchair	68	move	35
armCirclesMidForwardWheelchair	69	move	35
armCirclesHighForwardWheelchair	70	move	35
armCirclesLowBackwardWheelchair	71	move	35
armCirclesMidBackwardWheelchair	72	move	35
armCirclesHighBackwardWheelchair	73	move	35
coreTwistsWheelchair	74	move	35
armRaiseWheelchair	75	move	35
chestExpandWheelchair	76	move	35
armExtendWheelchair	77	move	35
forwardBendWheelchair	78	move	35
toeTouchWheelchair	79	move	35
extendedToeTouchWheelchair	80	move	35
seatedArmCircles	81	move	35
trunkRotations	82	move	35
seatedTrunkRotations	83	move	35
toeTouch	84	move	35
allFours	0	pose	36
ankleToKnee	1	pose	36
babyCobra	2	pose	36
boat	3	pose	36
boundAngle	4	pose	36
boundSeatedSingleLegForwardBend	5	pose	36
bow	6	pose	36
bowedHalfMoon	7	pose	36
bridge	8	pose	36
cat	9	pose	36
chair	10	pose	36
childs	11	pose	36
corpse	12	pose	36
cowFace	13	pose	36
cow	14	pose	36
devotionalWarrior	15	pose	36
dolphinPlank	16	pose	36
dolphin	17	pose	36
downDogKneeToNose	18	pose	36
downDogSplit	19	pose	36
downDogSplitOpenHipBentKnee	20	pose	36
downwardFacingDog	21	pose	36
eagle	22	pose	36
easySeated	23	pose	36
extendedPuppy	24	pose	36
extendedSideAngle	25	pose	36
fish	26	pose	36
fourLimbedStaff	27	pose	36
fullSplit	28	pose	36
gate	29	pose	36
halfChairHalfAnkleToKnee	30	pose	36
halfMoon	31	pose	36
headToKnee	32	pose	36
heron	33	pose	36
heros	34	pose	36
highLunge	35	pose	36
kneesChestChin	36	pose	36
lizard	37	pose	36
locust	38	pose	36
lowLunge	39	pose	36
lowLungeTwist	40	pose	36
lowLungeWithKneeDown	41	pose	36
mermaid	42	pose	36
mountain	43	pose	36
oneLeggedDownwardFacingPoseOpenHipBentKnee	44	pose	36
oneLeggedPigeon	45	pose	36
peacefulWarrior	46	pose	36
plank	47	pose	36
plow	48	pose	36
reclinedHandToFoot	49	pose	36
revolvedHalfMoon	50	pose	36
revolvedHeadToKnee	51	pose	36
revolvedTriangle	52	pose	36
runnersLunge	53	pose	36
seatedEasySideBend	54	pose	36
seatedEasyTwist	55	pose	36
seatedLongLegForwardBend	56	pose	36
seatedWideLegForwardBend	57	pose	36
shoulderStand	58	pose	36
sideBoat	59	pose	36
sidePlank	60	pose	36
sphinx	61	pose	36
squatOpenArmTwist	62	pose	36
squatPalmPress	63	pose	36
staff	64	pose	36
standingArmsUp	65	pose	36
standingForwardBendHalfwayUp	66	pose	36
standingForwardBend	67	pose	36
standingSideOpener	68	pose	36
standingSingleLegForwardBend	69	pose	36
standingSplit	70	pose	36
standingWideLegForwardBend	71	pose	36
standingWideLegForwardBendWithTwist	72	pose	36
supineSpinalTwist	73	pose	36
tableTop	74	pose	36
threadTheNeedle	75	pose	36
thunderbolt	76	pose	36
thunderboltPoseBothSidesArmStretch	77	pose	36
tree	78	pose	36
triangle	79	pose	36
upDog	80	pose	36
upwardFacingPlank	81	pose	36
warriorOne	82	pose	36
warriorThree	83	pose	36
warriorTwo	84	pose	36
wheel	85	pose	36
wideSideLunge	86	pose	36
deepBreathingWheelchair	87	pose	36
deepBreathingLowWheelchair	88	pose	36
deepBreathingMidWheelchair	89	pose	36
deepBreathingHighWheelchair	90	pose	36
prayerWheelchair	91	pose	36
overheadPrayerWheelchair	92	pose	36
cactusWheelchair	93	pose	36
breathingPunchesWheelchair	94	pose	36
breathingPunchesExtendedWheelchair	95	pose	36
breathingPunchesOverheadWheelchair	96	pose	36
breathingPunchesOverheadAndDownWheelchair	97	pose	36
breathingPunchesSideWheelchair	98	pose	36
breathingPunchesExtendedSideWheelchair	99	pose	36
breathingPunchesOverheadSideWheelchair	100	pose	36
breathingPunchesOverheadAndDownSideWheelchair	101	pose	36
leftHandBackWheelchair	102	pose	36
triangleWheelchair	103	pose	36
threadTheNeedleWheelchair	104	pose	36
neckFlexionAndExtensionWheelchair	105	pose	36
neckLateralFlexionWheelchair	106	pose	36
spineFlexionAndExtensionWheelchair	107	pose	36
spineRotationWheelchair	108	pose	36
spineLateralFlexionWheelchair	109	pose	36
alternativeSkiingWheelchair	110	pose	36
reachForwardWheelchair	111	pose	36
warriorWheelchair	112	pose	36
reverseWarriorWheelchair	113	pose	36
downwardFacingDogToCobra	114	pose	36
seatedCatCow	115	pose	36
abTwist	1	bandedExercises	37
backExtension	2	bandedExercises	37
bicycleCrunch	3	bandedExercises	37
calfRaises	4	bandedExercises	37
chestPress	5	bandedExercises	37
clamShells	6	bandedExercises	37
curl	7	bandedExercises	37
deadbug	8	bandedExercises	37
deadlift	9	bandedExercises	37
donkeyKick	10	bandedExercises	37
externalRotation	11	bandedExercises	37
externalRotationAt90DegreeAbduction	12	bandedExercises	37
facePull	13	bandedExercises	37
fireHydrant	14	bandedExercises	37
fly	15	bandedExercises	37
frontRaise	16	bandedExercises	37
gluteBridge	17	bandedExercises	37
hamstringCurls	18	bandedExercises	37
highPlankLegLifts	19	bandedExercises	37
hipExtension	20	bandedExercises	37
internalRotation	21	bandedExercises	37
jumpingJack	22	bandedExercises	37
kneelingCrunch	23	bandedExercises	37
lateralBandWalks	24	bandedExercises	37
lateralRaise	25	bandedExercises	37
latpull	26	bandedExercises	37
legAbduction	27	bandedExercises	37
legAdduction	28	bandedExercises	37
legExtension	29	bandedExercises	37
lunge	30	bandedExercises	37
plank	31	bandedExercises	37
pullApart	32	bandedExercises	37
pushUps	33	bandedExercises	37
reverseCrunch	34	bandedExercises	37
row	35	bandedExercises	37
shoulderAbduction	36	bandedExercises	37
shoulderExtension	37	bandedExercises	37
shoulderExternalRotation	38	bandedExercises	37
shoulderFlexionTo90Degrees	39	bandedExercises	37
sidePlankLegLifts	40	bandedExercises	37
sideRaise	41	bandedExercises	37
squat	42	bandedExercises	37
squatToPress	43	bandedExercises	37
tricepExtension	44	bandedExercises	37
tricepKickback	45	bandedExercises	37
uprightRow	46	bandedExercises	37
wallCrawlWithExternalRotation	47	bandedExercises	37
lateralRaiseWheelchair	49	bandedExercises	37
tricepsExtensionWheelchair	50	bandedExercises	37
chestFlyInclineWheelchair	51	bandedExercises	37
chestFlyDeclineWheelchair	52	bandedExercises	37
pullDownWheelchair	53	bandedExercises	37
straightArmPullDownWheelchair	54	bandedExercises	37
curlWheelchair	55	bandedExercises	37
overheadCurlWheelchair	56	bandedExercises	37
facePullWheelchair	57	bandedExercises	37
aroundTheWorldWheelchair	58	bandedExercises	37
pullApartWheelchair	59	bandedExercises	37
sideCurlWheelchair	60	bandedExercises	37
overheadPressWheelchair	61	bandedExercises	37
alternatingFigureEight	0	battleRope	38
alternatingJumpWave	1	battleRope	38
alternatingKneelingToStandingWave	2	battleRope	38
alternatingLungeWave	3	battleRope	38
alternatingSquatWave	4	battleRope	38
alternatingWave	5	battleRope	38
alternatingWaveWithLateralShuffle	6	battleRope	38
clapWave	7	battleRope	38
doubleArmFigureEight	8	battleRope	38
doubleArmSideToSideSnake	9	battleRope	38
doubleArmSideWave	10	battleRope	38
doubleArmSlam	11	battleRope	38
doubleArmWave	12	battleRope	38
grapplerToss	13	battleRope	38
hipToss	14	battleRope	38
inAndOutWave	15	battleRope	38
insideCircle	16	battleRope	38
jumpingJacks	17	battleRope	38
outsideCircle	18	battleRope	38
rainbow	19	battleRope	38
sidePlankWave	20	battleRope	38
sidewinder	21	battleRope	38
sittingRussianTwist	22	battleRope	38
snakeWave	23	battleRope	38
splitJack	24	battleRope	38
stageCoach	25	battleRope	38
ultimateWarrior	26	battleRope	38
upperCuts	27	battleRope	38
elliptical	0	elliptical	39
floorClimb	0	floorClimb	40
airBike	0	indoorBike	41
assaultBike	1	indoorBike	41
stationaryBike	3	indoorBike	41
rowingMachine	0	indoorRow	42
agility	0	ladder	43
speed	1	ladder	43
aroundTheWorld	0	sandbag	44
backSquat	1	sandbag	44
bearCrawlPullThrough	2	sandbag	44
bearHugSquat	3	sandbag	44
clean	4	sandbag	44
cleanAndPress	5	sandbag	44
curl	6	sandbag	44
frontCarry	7	sandbag	44
frontSquat	8	sandbag	44
lunge	9	sandbag	44
overheadPress	10	sandbag	44
plankPullThrough	11	sandbag	44
rotationalLunge	12	sandbag	44
row	13	sandbag	44
russianTwist	14	sandbag	44
shouldering	15	sandbag	44
shoveling	16	sandbag	44
sideLunge	17	sandbag	44
sprint	18	sandbag	44
zercherSquat	19	sandbag	44
backwardDrag	0	sled	45
chestPress	1	sled	45
forwardDrag	2	sled	45
lowPush	3	sled	45
push	4	sled	45
row	5	sled	45
lateralSwing	0	sledgeHammer	46
hammerSlam	1	sledgeHammer	46
stairStepper	0	stairStepper	47
chestFly	0	suspension	49
chestPress	1	suspension	49
crunch	2	suspension	49
curl	3	suspension	49
dip	4	suspension	49
facePull	5	suspension	49
gluteBridge	6	suspension	49
hamstringCurl	7	suspension	49
hipDrop	8	suspension	49
invertedRow	9	suspension	49
kneeDriveJump	10	suspension	49
kneeToChest	11	suspension	49
latPullover	12	suspension	49
lunge	13	suspension	49
mountainClimber	14	suspension	49
pendulum	15	suspension	49
pike	16	suspension	49
plank	17	suspension	49
powerPull	18	suspension	49
pullUp	19	suspension	49
pushUp	20	suspension	49
reverseMountainClimber	21	suspension	49
reversePlank	22	suspension	49
rollout	23	suspension	49
row	24	suspension	49
sideLunge	25	suspension	49
sidePlank	26	suspension	49
singleLegDeadlift	27	suspension	49
singleLegSquat	28	suspension	49
sitUp	29	suspension	49
split	30	suspension	49
squat	31	suspension	49
squatJump	32	suspension	49
tricepPress	33	suspension	49
yFly	34	suspension	49
flip	0	tire	50
indoorTrackRun	0	runIndoor	52
treadmill	1	runIndoor	52
bike	0	bikeOutdoor	53